Step, Decisions, Simulations, Evaluations, Positive Evaluations, Tree Size, Time (s), Choice
0, 0, 100, 92, 92, 0, 0.6898524761199951, AAFMFramework
1, 0, 100, 87, 179, 0, 0.7037608623504639, System
2, 0, 100, 56, 235, 0, 0.48861002922058105, Linux
3, 0, 100, 45, 280, 0, 0.3646721839904785, Metamodels
