Step, Decisions, Simulations, Evaluations, Positive Evaluations, Tree Size, Time (s), Choice
0, 1, 100, 58, 58, 101, 0.0370786190032959, AAFMFramework
1, 3, 100, 39, 97, 197, 0.03449106216430664, Packages
2, 6, 100, 10, 107, 257, 0.03907036781311035, System
3, 7, 100, 1, 108, 294, 0.03688168525695801, Linux
4, 5, 100, 0, 108, 297, 0.031966209411621094, pyglucose
