Step, Decisions, Simulations, Evaluations, Positive Evaluations, Tree Size, Time (s), Choice
0, 1, 100, 64, 64, 101, 0.03248882293701172, AAFMFramework
1, 3, 100, 37, 101, 198, 0.0341947078704834, System
2, 4, 100, 9, 110, 255, 0.03701329231262207, Linux
